{"id": "Decrypt", "scriptContent": "\nimport os\nimport sys\npath = os.path.dirname(os.path.abspath(__file__))\n\n\nimport appviewx\nreload(appviewx)\nconnect_db = appviewx.db_connection()\n\n\ndef getencoded(devName):\n    db = connect_db.appviewx\n    collection = db.device\n    import base64\n    for value in collection.find({'name': devName}):\n        username = value['access'][0]['userName']\n        encPassword = value['access'][0]['password']\n        key = value['access'][0]['key']\n    password = decyrpt(encPassword, key)\n    sys.path.insert(0, AVX::DEPENDENCIES)\n    credential = username + ':' + password\n    encoded_text = base64.b64encode(credential.encode(\"utf-8\"))\n    return encoded_text\n\n\ndef getpassword(devName):\n    db = connect_db.appviewx\n    collection = db.device\n    for value in collection.find({'name': devName}):\n        username = value['access'][0]['userName']\n        encPassword = value['access'][0]['password']\n        key = value['access'][0]['key']\n    password = decyrpt(encPassword, key)\n    return username, password\n\n\ndef decyrpt(EncryptedPassword, Key):\n\n    import commands\n    decrypt_jar_path = path + '/../../properties/DecryptAPS.jar'\n    java_path = path + '/../../jre/bin/java'\n    cmd = java_path + ' -Dappviewx.property.path=/home/appviewx/AppViewX/properties/ -jar ' + decrypt_jar_path + ' ' + EncryptedPassword + ' ' + Key\n    # run cli cmd to decrypt jar\n    status, output = commands.getstatusoutput(cmd)\n    password = ((output.strip('\\n')).split(':')[0]).strip()\n    return password\n", "scriptType": "Python", "description": "", "name": "Decrypt"}