{"id": "appviewx", "scriptContent": "\n'''\nAppviewx mongoDB connection for internal purpose\n\n'''\nimport sys\nglobal conn\nconn = None\nsys.path.insert(0,AVX::DEPENDENCIES)\nfrom pymongo import MongoClient\nimport os\nimport sys\npath = os.path.dirname(os.path.abspath(__file__))\n\n# Conf file parser\nCOMMENT_CHAR = '#'\nOPTION_CHAR =  '='\n\ndef get_conf_file():\n\n    ''' \n    Appviewx conf file path \n\n    '''\n\n    conf_file = path + '/../../conf/appviewx.conf'\n    if os.path.exists(str(conf_file)):\n        return conf_file\n    else:\n        print \"wrong configuration file\"\n        sys.exit()\n\ndef get_db_credentials():\n    #where_am_i = os.path.dirname(os.path.realpath(__file__)) #path of this script\n    from configobj import ConfigObj\n    from avx_decrypt import decrypt\n    appviewx_properties = ConfigObj(path + '/../../properties/appviewx.properties')\n    db_EncryptedPassword = appviewx_properties['APS_MONGO_ENCRYPTED_PASSWORD']\n    db_username = appviewx_properties['APS_MONGO_USERNAME']\n    db_name = appviewx_properties['MONGO_AUTHENTICATION_DB']\n    db_password = decrypt(db_EncryptedPassword)\n    return db_username, db_password, db_name\n\ndef get_java_path():\n\n    ''' \n    Appviewx Java path \n\n    '''\n\n    decrypt_jar_path = path + '/../../jre/bin/java'\n    if os.path.exists(str(decrypt_jar_path)):\n        return decrypt_jar_path\n    else:\n        print \"could not locate java\"\n        sys.exit()\n\n\n\ndef get_conf_content(filename):\n    options = {}\n    f = open(filename)\n    for line in f:\n        # First, remove comments:\n        if COMMENT_CHAR in line:\n            # split on comment char, keep only the part before\n            line, comment = line.split(COMMENT_CHAR, 1)\n        # Second, find lines with an option=value:\n        if OPTION_CHAR in line:\n            # split on option char:\n            option, value = line.split(OPTION_CHAR, 1)\n            # strip spaces:\n            option = option.strip()\n            value = value.strip()\n            # store in dictionary:\n            options[option] = value\n    f.close()\n    return options  \n\n\ndef db_connection():\n    \n    ''' \n    Connect to mongo replicaSet.\n\n    '''\n    global conn\n    from pymongo import MongoClient,ReadPreference    \n    username,password,dbname = get_db_credentials()\n    conf_file = get_conf_file()\n    conf_content = get_conf_content(conf_file)\n    if conf_content['APPVIEWX_DB_REPLICATION']=='TRUE':\n        mongo_ip=conf_content['APPVIEWX_DB_PRIMARY_HOST']+':'+conf_content['APPVIEWX_DB_PRIMARY_PORT']\n        mongo_secondary_ips = conf_content['APPVIEWX_DB_SECONDARY_HOSTS'].split(',')\n        try:\n            conn = MongoClient(mongo_ip,read_preference=ReadPreference.PRIMARY)\n            conn.admin.authenticate(username,password,source=dbname) \n        except Exception:\n            for mongoip in mongo_secondary_ips:\n                try:\n                    conn = MongoClient(mongoip,read_preference=ReadPreference.PRIMARY)\n                    conn.admin.authenticate(username,password,source=dbname) \n                    break\n                except Exception:\n                    mongo_ip=mongoip\n                    continue\n            else:\n                print('Could not connect to DB')\n                sys.exit(1)\n\n    else:\n        try:\n            host='localhost:'+conf_content['APPVIEWX_DB_PORT']\n            conn = MongoClient(host)\n            conn.admin.authenticate(username,password,source=dbname) \n        except Exception,e:\n            print \"db could not connect\"\n            print e\n            sys.exit() \n    return conn\n    \ndef db_close():\n    if hasattr(conn,'close'):\n        conn.close()\n        \nimport atexit\natexit.register(db_close)", "scriptType": "Python", "description": "", "name": "appviewx"}