{"id": "Decrypt_updated", "scriptContent": "\nimport os\nimport sys\npath = os.path.dirname(os.path.abspath(__file__))\nimport appviewx\nreload(appviewx)\nimport base64\nimport commands\nconnect_db = appviewx.db_connection()\n\ndef getencoded(devName):\n    db = connect_db.appviewx\n    collection = db.device\n    for value in collection.find({'name': devName}):\n        username = value['access'][0]['userName']\n        encPassword = value['access'][0]['password']\n        key = value['access'][0]['key']\n    password = decrypt(encPassword, key)\n    sys.path.insert(0, AVX::DEPENDENCIES)\n    credential = username + ':' + password\n    encoded_text = base64.b64encode(credential.encode(\"utf-8\"))\n    return encoded_text\n\ndef getpassword(devName, password_type):\n    db = connect_db.appviewx\n    collection = db.device\n    for value in collection.find({'name': devName}):\n        username = value['access'][0]['userName']\n        if password_type == \"Password\":\n            encPassword = value['access'][0]['password']\n            key = value['access'][0]['key']\n        elif password_type == \"EnablePassword\":\n            encPassword = value[\"enablePassword\"]\n            key = devName\n    password = decrypt(encPassword, key, password_type)\n    return username, password\n\ndef decrypt(EncryptedPassword, Key, password_type):\n    decrypt_jar_path = path + '/../../properties/DecryptPassword.jar'\n    java_path = path + '/../../jre/bin/java'\n    cmd = java_path + ' -Dappviewx.property.path='+path + '/../../properties/ -jar ' +  decrypt_jar_path + ' ' + EncryptedPassword + ' ' + Key+' '+ password_type\n    # run cli cmd to decrypt jar\n    status, output = commands.getstatusoutput(cmd)\n    password = ((output.strip('\\n')).split(':')[1]).strip()\n    return password", "scriptType": "Python", "name": "Decrypt_updated", "description": ""}