{"id": "Fetch_VPN_params", "scriptContent": "import sys\nimport paramiko\nimport time\nimport appviewx\nreload(appviewx)\nimport Decrypt_updated\nreload(Decrypt_updated)\n\ndef fetch_arguments(inputs):\n    '''\n    Returns device, protection_suite, ipsec_1\n    '''\n    device = inputs[1]\n    protection_suite = inputs[2]\n    ipsec_1 = None\n    if len(inputs) == 4:\n        ipsec_1 = inputs[3]\n    return device, protection_suite, ipsec_1\n\ndef fetch_device_details(device):\n    '''\n    fetching device ip, username and password\n    '''\n    connect_db = appviewx.db_connection()\n    db = connect_db.appviewx\n    device_collection = db.device\n    device_ip = device_collection.find_one({\"name\": device})[\"ip\"]\n    username, password = Decrypt_updated.getpassword(device, \"Password\")\n    username, enable_password = Decrypt_updated.getpassword(device, \"EnablePassword\")\n    return device_ip, username, password, enable_password\n    \ndef device_login(device_ip, username, password):\n    '''\n    Device login and returns ssh connection object\n    '''\n    ssh = paramiko.SSHClient()\n    ssh.set_missing_host_key_policy(paramiko.AutoAddPolicy())\n    ssh.connect(device_ip, username=username, password=password, look_for_keys=False, allow_agent=False)\n    console = ssh.invoke_shell()\n    console.keep_this = ssh\n    return console\n    \ndef enable_pwd(console,enable_password):\n    '''\n    Performing enable password\n    '''\n    console.send(\"enable\\n\")\n    console.send(enable_password + '\\n')\n    console.send(\"terminal length 0\\n\")\n    time.sleep(1)\n    console.recv(5000)\n\ndef fetch_interface(console):\n    '''\n    Returns interfaces list seperated by whitespace\n    '''\n    console.send(\"show ip interface brief\\n\")\n    time.sleep(1)\n    lines = console.recv(5000).split('\\n')\n    parsed_data = \" \".join(map(lambda b:b.strip().split()[0],lines[2:-1]))\n    return parsed_data\n\ndef conf_terminal(console):\n    '''\n    Performs configure terminal\n    '''\n    console.send(\"configure terminal\\n\")\n    \ndef fetch_encryption(console, protection_suite):\n    '''\n    Returns encryption param list seperated by whitespace\n    '''   \n    console.send(\"crypto isakmp policy {0}\\n\".format(protection_suite))\n    time.sleep(1)\n    console.recv(5000)\n    console.send(\"encryption ?\\n\")\n    time.sleep(1)\n    return parsing_data(console.recv(5000), 1, -5)\n    \ndef fetch_authentication(console):\n    '''\n    Returns authentication param list seperated by whitespace\n    '''      \n    console.send(\"authentication ?\\n\")\n    time.sleep(1)\n    return parsing_data(console.recv(5000), 1, -5)\n\ndef fetch_group(console):\n    '''\n    Returns group param list seperated by whitespace\n    ''' \n    console.send(\"group ?\\n\")\n    time.sleep(1)\n    return parsing_data(console.recv(5000), 1, -5)\n\n    \ndef fetch_hash(console):\n    '''\n    Returns hash methods list seperated by whitespace\n    ''' \n    console.send(\"hash ?\\n\")\n    time.sleep(1)\n    parsed_data = parsing_data(console.recv(5000), 1, -5)\n    console.send(\"exit\\n\")\n    time.sleep(1)\n    console.recv(5000)\n    return parsed_data\n\ndef fetch_ipsec_1(console):\n    '''\n    Returns ipsec_1 methods list seperated by whitespace\n    ''' \n    console.send(\"crypto ipsec transform-set sample ?\\n\")\n    time.sleep(1)\n    return parsing_data(console.recv(5000), 1, -5)\n    \ndef fetch_ipsec_2(console, ipsec_1):\n    '''\n    Returns ipsec_2 methods list seperated by whitespace\n    ''' \n    time.sleep(1)\n    console.recv(5000)\n    console.send(\"crypto ipsec transform-set sample \" + ipsec_1 +\" ?\")\n    time.sleep(3)\n    if '-aes' in ipsec_1:\n        parsed_data = parsing_data(console.recv(5000), 4, -3)\n    else:\n        parsed_data = parsing_data(console.recv(5000), 1, -3)    \n    console.send(\"\\n\")\n    console.send(\"no crypto ipsec transform-set sample \" + ipsec_1 +\" ?\\n\")\n    return parsed_data\n    \ndef del_crypto_isakmp(console, protection_suite):\n    '''\n    Performs delete crypto isakmp\n    ''' \n    console.send(\"no crypto isakmp policy {0}\\n\".format(protection_suite))\n    \ndef close_connection(console):\n    '''\n    Performs close connection connection object \n    ''' \n    console.send(\"exit\\n\")\n    console.close()\n\ndef parsing_data(data, start, end):\n    '''\n    parsing data and returns a line with param list seperated by whitespace\n    '''\n    lines = data.split('\\n')\n    parsed_data = \" \".join(map(lambda b:b.strip().split()[0],lines[start:end]))\n    return parsed_data\n    \nif __name__ == '__main__':\n    '''\n    Entry function\n    '''\n    device, protection_suite, ipsec_1 = fetch_arguments(sys.argv)\n    device_ip, username, password, enable_password = fetch_device_details(device)\n    console = device_login(device_ip, username, password)\n    enable_pwd(console,enable_password)\n    if not ipsec_1:\n        print fetch_interface(console)\n        conf_terminal(console)\n        print fetch_encryption(console, protection_suite)\n        print fetch_authentication(console)\n        print fetch_group(console)\n        print fetch_hash(console)\n        print fetch_ipsec_1(console)\n        del_crypto_isakmp(console, protection_suite)\n    else :\n        conf_terminal(console)\n        print fetch_ipsec_2(console, ipsec_1)\n    close_connection(console)   ", "scriptType": "Python", "name": "Fetch_VPN_params", "description": ""}