{"id": "asm_migration_directory", "scriptContent": "\nimport sys\nimport os\nimport json\nimport commands\nimport asm_file_path\nreload(asm_file_path)\n\nsys.path.insert(0,AVX::HELPER)\nsys.path.insert(0,AVX::DEPENDENCIES)\n\navx_path = asm_file_path.return_path()+'/../../'\ndirectory_path = avx_path+'ASM_Backup/'\n\ndef return_directory_path():\n\tif not os.path.exists(directory_path):\n\t\tos.mkdir(directory_path)\n\treturn directory_path\n", "scriptType": "Python", "description": "", "name": "asm_migration_directory"}