{"id": "policy", "scriptContent": "import json\nimport sys\nimport os\nimport requests\npath = os.path.dirname(os.path.abspath(__file__))\n#helper_script_path = path+'/../aps/helper '\nhelper_script_path = os.path.abspath(os.path.join(os.path.dirname(__file__), '../', 'aps/helper'))\n\n\n\ndev_ip  = sys.argv[1]\nvip_name = sys.argv[2]\ndevice = sys.argv[3]\npolicy_name = sys.argv[4]\n#policy_name = sys.argv[5]\n\n#sys.path.append(helper_script_path)\nimport Decrypt\nreload(Decrypt)\nuname,pwd=Decrypt.getpassword(device)\n\n\nheaders = {'content-type': 'application/json'}\nflag = True\nwhile flag:\n    try:\n        response = requests.get('https://'+dev_ip+'/mgmt/tm/asm/policies/', auth=(''+uname+'', ''+pwd+''), headers=headers,verify=False)\n        l = json.loads(response.content)\n        ls = { i['name']:i['id'] for i in l['items']}\n        hash_code = ls[policy_name]\n        print hash_code\n        payload = {\"virtualServers\" : [\"/Common/\"+vip_name+\"\"]}\n        response = requests.patch(\"https://\"+dev_ip+\"/mgmt/tm/asm/policies/\"+hash_code+\"/\", auth=(''+uname+'', ''+pwd+''), data=json.dumps(payload), headers=headers,verify=False)\n        print response.content\n        print response.text\n        flag = False\n    except KeyError, e:\n        pass\n", "scriptType": "Python", "description": "", "name": "policy"}