{"id": "certificate_helper", "scriptContent": "import sys\nfrom SSHLibrary import client\nsys.path.insert(0, AVX::DEPENDENCIES)\nsys.path.insert(0, AVX::HELPER)\n\nimport appviewx\nreload(appviewx)\nimport Decrypt\nreload(Decrypt)\n\nconnection = appviewx.db_connection()\n\n\ndef get_device_ip(device_name):\n    \"\"\"\n    This function return ip of passed f5 device.\n    Args:\n        device_name (str): Name of the f5 device.\n    Returns:\n        str: return ip address of f5 in str.\n    \"\"\"\n    collection = connection.appviewx.device\n    f5_ip = collection.find_one({\"name\": device_name}, {\"ip\": 1, \"_id\": 0})\n    return f5_ip['ip']\n\n\ndef connect_remote(IP, username, password):\n    \"\"\"\n    This function establish ssh connection to f5 device.\n    Args:\n        IP (str): IP of the f5 device.\n        username (str): User of the f5 device.\n        password (str): Password of the f5 device.\n    Returns:\n        object: return ssh object.\n    \"\"\"\n    try:\n        ssh = client.SSHClient(IP)\n        ssh.login_with_interactive_logic(username=username, password=password)\n        return ssh\n    except Exception, e:\n        print str(e)\n\n\ndef get_list_of_cert_name(device_name):\n    \"\"\"\n    This function get all the cert name from specific f5 device.\n    Args:\n        device_name (str): Name of the f5 device.\n    Returns:\n        list: return list with cert name.\n    \"\"\"\n    # Get ip of f5 device\n    IP = get_device_ip(device_name)\n\n    # Get username and password of IP\n    username, password = Decrypt.getpassword(device_name)\n\n    # Connect to f5 device to collect all cert file name\n    ssh = connect_remote(IP, username, password)\n\n    collection = connection.appviewx.device\n    dev_version = collection.find_one({'name': device_name})['version']\n\n    # List all cert in f5 device\n    if dev_version in [\"v11\", \"v12\"]:\n        countcmd = \"tmsh -c 'list sys crypto cert'\"\n    else:\n        countcmd = \"tmsh run util bash -c 'ls /config/ssl/ssl.crt'\"\n    return_stdout, return_stderr, return_rc = ssh.execute_command(countcmd)\n\n    cert_list = []\n\n    # Put each cert name in a list\n    splited_lines = return_stdout.splitlines()\n    for line in splited_lines:\n        if line.startswith(\"sys crypto cert \"):\n            # 17 is len of string \"sys crypto cert \"\n            cert_name_cmd = line[16:].replace(\" {\", \"\")\n            cert_list.append(cert_name_cmd)\n        if dev_version in [\"v10\"] and line.endswith(\".crt\"):\n            cert_list.append(line.strip())\n    return cert_list\n\n\ndef get_list_of_key_name(device_name):\n    \"\"\"\n    This function get all the key name from specific f5 device.\n    Args:\n        device_name (str): Name of the f5 device.\n    Returns:\n        list: return list with key name.\n    \"\"\"\n    # Get ip of f5 device\n    IP = get_device_ip(device_name)\n\n    # Get username and password of IP\n    username, password = Decrypt.getpassword(device_name)\n\n    # Connect to f5 device to collect all key name\n    ssh = connect_remote(IP, username, password)\n\n    collection = connection.appviewx.device\n    dev_version = collection.find_one({'name': device_name})['version']\n\n    # List all cert in f5 device\n    if dev_version in [\"v11\", \"v12\"]:\n        countcmd = \"tmsh -c 'list sys crypto key'\"\n    else:\n        countcmd = \"tmsh run util bash -c 'ls /config/ssl/ssl.key'\"\n    return_stdout, return_stderr, return_rc = ssh.execute_command(countcmd)\n\n    key_list = []\n    # Put each cert name in a list\n    splited_lines = return_stdout.splitlines()\n    for line in splited_lines:\n        if line.startswith(\"sys crypto key \"):\n            # 17 is len of string \"sys crypto key \"\n            key_name_cmd = line[15:].replace(\" {\", \"\")\n            key_list.append(key_name_cmd)\n        if dev_version in [\"v10\"] and line.endswith(\".key\"):\n            key_list.append(line.strip())\n    return key_list\n\n\ndef get_ssl_client_profile(device_name):\n    \"\"\"\n    This function get all the client ssl profile from specific f5 device.\n    Args:\n        device_name (str): Name of the f5 device.\n    Returns:\n        list: return list with client ssl profile.\n    \"\"\"\n    # Get ip of f5 device\n    IP = get_device_ip(device_name)\n\n    # Get username and password of IP\n    username, password = Decrypt.getpassword(device_name)\n\n    # Connect to f5 device to collect all cert file name\n    ssh = connect_remote(IP, username, password)\n\n    # Command to get client-ssl from device\n    countcmd = \"tmsh -c 'list ltm profile client-ssl'\"\n    return_stdout, return_stderr, return_rc = ssh.execute_command(countcmd)\n\n    # Get the client ssl from f5 device\n    client_ssl = []\n    splited_lines = return_stdout.splitlines()\n    for line in splited_lines:\n        if line.startswith(\"ltm profile client-ssl \"):\n            client_name_ssl = line[23:].replace(\" {\", \"\")\n            client_ssl.append(client_name_ssl)\n    return client_ssl\n\n\ndef get_ssl_server_profile(device_name):\n    \"\"\"\n    This function get all the server ssl profile from specific f5 device.\n    Args:\n        device_name (str): Name of the f5 device.\n    Returns:\n        list: return list with server ssl profile.\n    \"\"\"\n    # Get ip of f5 device\n    IP = get_device_ip(device_name)\n\n    # Get username and password of IP\n    username, password = Decrypt.getpassword(device_name)\n\n    # Connect to f5 device to collect all cert file name\n    ssh = connect_remote(IP, username, password)\n\n    # Command to get server-ssl from device\n    countcmd = \"tmsh -c 'list ltm profile server-ssl'\"\n    return_stdout, return_stderr, return_rc = ssh.execute_command(countcmd)\n\n    # Get the server ssl from f5 device\n    server_ssl = []\n    splited_lines = return_stdout.splitlines()\n    for line in splited_lines:\n        if line.startswith(\"ltm profile server-ssl \"):\n            server_name_ssl = line[23:].replace(\" {\", \"\")\n            server_ssl.append(server_name_ssl)\n    return server_ssl\n\n\ndef get_profile_of_exp_cert(expired_cert_list, device_name):\n    \"\"\"\n    This function return associated profile inforamtion of expired cert.\n    Args:\n        expired_cert_list (list): list with expired cert name.\n        device_name (str): Name of the f5 device.\n    Returns:\n        dict: return dictionary with expired cert and associated profile.\n    \"\"\"\n    # Get ip of f5 device\n    f5_ip = get_device_ip(device_name)\n\n    # Used dictionar to store expired cert name as key and associated profile of expired cert as value\n    dict_exp_cert_prof = {}\n    collection = connection.appviewx.device\n    deviceId = str(collection.find_one({\"name\": device_name})['_id'])\n    collection_cert = connection.appviewx.certificates\n    coll_cer_str = \"certDeviceInfo.certificateFileDetailsOnDevice.\" + deviceId + \".certificateFileName\"\n    coll_dev_str = \"certDeviceInfo.certificateFileDetailsOnDevice.\" + deviceId + \".deviceName\"\n    # For each expired cert fetch profile detail from DB\n    for cert in expired_cert_list:\n        str_cert = cert.split(\"||\")[0]\n        str_profile = []\n        for value in collection_cert.find({\"deviceIpCertnodeIpList.deviceIP\": f5_ip, coll_cer_str: str_cert, coll_dev_str: device_name}):\n            for ele in value[\"deviceIpCertnodeIpList\"]:\n                if ele[\"deviceIP\"] in f5_ip:\n                    name = ele[\"deviceName\"]\n            for pro in value[\"profile\"]:\n                prof_list = pro.split(\":\")\n                if prof_list[0] in name:\n                    str_profile.append(prof_list[1])\n\n        dict_exp_cert_prof[str_cert] = str_profile\n\n    return dict_exp_cert_prof\n", "scriptType": "Python", "name": "certificate_helper", "description": "Certificate helper scripts helps in getting cert and key related information from particular device and DB"}