{"id": "Infoblox_generic", "scriptContent": "'''\r\nCreated on 08-Jul-2016\r\n\r\n@author: Sujeesh.S\r\n@version : 1.0\r\n\r\n'''\r\n\r\nimport sys\r\nimport json\r\nimport commands\r\nimport os\r\nsys.path.append('/home/appviewx/AppViewX/aps/dependencies')\r\nsys.path.append('/home/appviewx/AppViewX/aps/helper')\r\nimport appviewx\r\nimport Decrypt\r\nreload(appviewx)\r\nreload(Decrypt)\r\nimport logger_util\r\nlogger = logger_util.get_logger('Create_VIP')\r\n\r\n\r\nclass Infoblox:\r\n    '''\r\n    This class is having all functions related to an Infoblox device\r\n    '''\r\n\r\n    def __init__(self):\r\n        '''\r\n        Initialize Infoblox object\r\n        '''\r\n\r\n    @staticmethod\r\n    def get_device_ip(device_name):\r\n        '''\r\n        Return device ip and wapi version of the device.\r\n        '''\r\n        connection = appviewx.db_connection()\r\n        collection = connection.appviewx.device\r\n        device = collection.find_one({'name': device_name},\r\n                                     {'ip': 1, 'attributes': 1})\r\n        return device['ip'], device['attributes']['wapiVersion']\r\n    \r\n    @staticmethod\r\n    def get_reference(username, password, device_ip, wapi, subnet):\r\n        '''\r\n        Return _ref of Infoblox device\r\n        '''\r\n        curl_command = 'curl --silent -k1 -u {uname}:{pwd} -X GET '\\\r\n            'https://{ip}/wapi/v{wapi_version}/'\\\r\n            'network?_return_type=json-pretty\\&network='\\\r\n            '{subnet}'.format(\r\n                uname=username,\r\n                pwd=password,\r\n                ip=device_ip,\r\n                wapi_version=wapi,\r\n                subnet=subnet)\r\n        status, output = commands.getstatusoutput(curl_command)\r\n        json_output = json.loads(output)\r\n        return json_output[0]['_ref']\r\n\r\n    @staticmethod\r\n    def get_free_ip(device_name, subnet):\r\n        '''\r\n        Return a free IP address from the Infoblox device\r\n        '''\r\n        username, password = Decrypt.getpassword(device_name)\r\n        device_ip, wapi_version = Infoblox.get_device_ip(device_name)\r\n        try:\r\n            curl_command = 'curl --silent -k1 -u {uname}:{pwd} -X POST '\\\r\n                'https://{ip}/wapi/v{wapi_version}/{ref}?'\\\r\n                '_function=next_available_ip\\&_return_type='\\\r\n                'json-pretty\\&num=1'.format(\r\n                    uname=username,\r\n                    pwd=password,\r\n                    ip=device_ip,\r\n                    wapi_version=wapi_version,\r\n                    ref=Infoblox.get_reference(username, password, device_ip,\r\n                                               wapi_version, subnet))\r\n        except IndexError as e:\r\n            return \"Error::Subnet not configured in Infoblox\"\r\n        status, output = commands.getstatusoutput(curl_command)\r\n        json_output = json.loads(output)\r\n        try:\r\n            return str(json_output['ips'][0])\r\n        except KeyError as e:\r\n            return \"Error::No Free IP Available\"\r\n\r\n    @staticmethod\r\n    def get_list_of_subnets(username, password, device_ip, wapi):\r\n        '''\r\n        Return list of ipv4 subnets configured on infoblox\r\n        '''\r\n        curl_command = 'curl --silent -k1 -u {uname}:{pwd} -X GET '\\\r\n                        'https://{ip}/wapi/v{wapi_version}/'\\\r\n                        'network?_return_type=json-pretty'.format(\r\n                        uname=username,\r\n                        pwd=password,\r\n                        ip=device_ip,\r\n                        wapi_version=wapi)\r\n        status, output = commands.getstatusoutput(curl_command)\r\n        json_output = json.loads(output)\r\n        logger.info(json_output)\r\n        return json_output\r\n\r\n    @staticmethod\r\n    def reserve_free_ip(device_name, fqdn, free_ip):\r\n        '''\r\n        Reserve a Free IP in Infoblox\r\n        '''\r\n        username, password = Decrypt.getpassword(device_name)\r\n        device_ip, wapi_version = Infoblox.get_device_ip(device_name)\r\n        try:\r\n            curlCommand = 'curl --silent -k1 -u {uname}:{pwd} -H \\\"Content-Type:application/json\\\" -X POST '\\\r\n                          'https://{dev_ip}/wapi/v{wapi_version}/record:host?_return_type=json-pretty'\\\r\n                          ' -d \\'{{\\\"name\\\":\\\"{fqdn_name}\\\",\\\"ipv4addrs\\\":[{{\\\"ipv4addr\\\":\\\"{ip}\\\"}}]'\\\r\n                          '}}\\''.format(uname=username,\r\n                                        pwd=password,\r\n                                        dev_ip=device_ip,\r\n                                        wapi_version=wapi_version,\r\n                                        fqdn_name=fqdn,\r\n                                        ip=free_ip)\r\n            logger.info(curlCommand)\r\n        except Exception, e:\r\n            return \"Error:: Invalid FQDN or data provided\"\r\n        status, output = commands.getstatusoutput(curlCommand)\r\n        logger.info(output)\r\n        if output[0] == \"{\" :\r\n            json_output = json.loads(output)\r\n            return json_output['text']\r\n        else :\r\n            return 'reserved'\r\n\r\n    @staticmethod\r\n    def get_ip_reference(uname, pwd, dIP, wapi_ver, ip):\r\n        '''\r\n        Get IP reference\r\n\r\n        :param str uname: Username\r\n        :param str pwd: Password\r\n        :param str wapi_ver: Device wapi version\r\n        :param ip: ip address\r\n        '''\r\n        curlCommand = 'curl --silent -k1 -u  {uname}:{pwd} -X GET https://{device_ip}/wapi/v{wapi_version}/ipv4address?'\\\r\n                      'ip_address={ip}'.format(uname=uname,\r\n                                               pwd=pwd,\r\n                                               device_ip=dIP,\r\n                                               wapi_version=wapi_ver,\r\n                                               ip=ip)\r\n\r\n        status, output = commands.getstatusoutput(curlCommand)\r\n        json_output = json.loads(output)\r\n        return json_output[0]['_ref']\r\n        # return curlCommand\r\n\r\n    @staticmethod\r\n    def unreserve_freeip(device_name, free_ip, action=\"\"):\r\n        '''\r\n        Delete all records for that ip and will free the ip\r\n\r\n        param str device_name: IPAM Device Name\r\n        param ip: ip address\r\n        param str action: String\r\n        '''\r\n        encode_text = Decrypt.getencoded(device_name)\r\n        username, password = Decrypt.getpassword(device_name)\r\n        device_ip, wapi_version = Infoblox.get_device_ip(device_name)\r\n        ref = Infoblox.get_ip_reference(username, password, device_ip, wapi_version, free_ip)\r\n\r\n        curlCommand = 'curl --silent -k1 -u {uname}:{pwd} -H \\\"Content-Type:application/json\\\" -X DELETE '\\\r\n                      'https://{dev_ip}/wapi/v{wapi_ver}/{reference}'.format(uname=username,\r\n                                                                             pwd=password,\r\n                                                                             dev_ip=device_ip,\r\n                                                                             wapi_ver=wapi_version,\r\n                                                                             reference=ref)\r\n\r\n        curl_command = 'curl --silent -k1 -H \\\"Authorization:Basic {encode_text}\\\" -H \\\"Content-Type:application/json\\\" -X DELETE '\\\r\n            'https://{dev_ip}/wapi/v{wapi_ver}/{reference}'.format(uname=username,\r\n                                                                   pwd=password,\r\n                                                                   dev_ip=device_ip,\r\n                                                                   wapi_ver=wapi_version,\r\n                                                                   encode_text=encode_text,\r\n                                                                   reference=ref)\r\n\r\n        if action == 'associate':\r\n            status, output = commands.getstatusoutput(curlCommand)\r\n            json_output = json.loads(output)\r\n            return json_output\r\n        else:\r\n            return curl_command\r\n\r\n    @staticmethod\r\n    def get_subnet(device_name,view = 'default'):\r\n        '''\r\n        Get available subnets from infoblox\r\n\r\n        :param str device_name: IPAM Device Name\r\n        '''\r\n        subnet_list = []\r\n        username, password = Decrypt.getpassword(device_name)\r\n        device_ip, wapi_version = Infoblox.get_device_ip(device_name)\r\n        curlCommand = 'curl --silent -k1 -u {uname}:{pwd} -H \\\"Content-Type:application/json\\\" -X GET '\\\r\n                      'https://{dev_ip}/wapi/v{wapi_ver}/network?_return_type=json-pretty\\&network_view={view}'.format(uname=username,\r\n                                                                         pwd=password,\r\n                                                                         dev_ip=device_ip,\r\n                                                                         wapi_ver=wapi_version,\r\n                                                                         view = view)\r\n\r\n        status, output = commands.getstatusoutput(curlCommand)\r\n        json_output = json.loads(output)\r\n        subnet_list = [value['network'] for value in json_output]\r\n        return subnet_list\r\n    \r\n    @staticmethod\r\n    def get_network_view(device_name):\r\n        '''\r\n        Get available network views from infoblox\r\n        \r\n        :param str device_name: IPAM Device Name\r\n        '''\r\n        network_view_list = []\r\n        username, password = Decrypt.getpassword(device_name)\r\n        device_ip, wapi_version = Infoblox.get_device_ip(device_name)\r\n        curlCommand = 'curl --silent -k1 -u {uname}:{pwd} -H \\\"Content-Type:application/json\\\" -X GET '\\\r\n                      'https://{dev_ip}/wapi/v{wapi_ver}/networkview?_return_type=json-pretty'.format(uname = username,\r\n                                                                         pwd = password,\r\n                                                                         dev_ip = device_ip,\r\n                                                                         wapi_ver = wapi_version)\r\n\r\n        status, output = commands.getstatusoutput(curlCommand)\r\n        json_output = json.loads(output)\r\n        network_view_list = [ value['name'] for value in json_output]\r\n        return network_view_list\r\n        \r\n    @staticmethod\r\n    def get_dns_view(device_name,newtork_view):\r\n        '''\r\n        Get available dns views from infoblox\r\n        \r\n        :param str device_name: IPAM Device Name\r\n        '''\r\n        dns_view_list = []\r\n        username, password = Decrypt.getpassword(device_name)\r\n        device_ip, wapi_version = Infoblox.get_device_ip(device_name)\r\n        if ' ' in newtork_view :\r\n            newtork_view = newtork_view.replace(' ', '%20')\r\n        \r\n            \r\n        curlCommand = 'curl --silent -k1 -u {uname}:{pwd} -H \\\"Content-Type:application/json\\\" -X GET '\\\r\n                      'https://{dev_ip}/wapi/v{wapi_ver}/view?network_view={net_view}&_return_type=json-pretty'.format(uname = username,\r\n                                                                         pwd = password,\r\n                                                                         dev_ip = device_ip,\r\n                                                                         wapi_ver = wapi_version,net_view=newtork_view)\r\n\r\n        status, output = commands.getstatusoutput(curlCommand)\r\n        json_output = json.loads(output)\r\n        dns_view_list = [ value['name'] for value in json_output]\r\n        return dns_view_list\r\n    \r\n    \r\n    \r\n    @staticmethod\r\n    def create_reverse_zone(device_name,subnet,view='default'):\r\n        '''\r\n        Reserve a Free IP in Infoblox\r\n        '''\r\n        username, password = Decrypt.getpassword(device_name)\r\n        device_ip, wapi_version = Infoblox.get_device_ip(device_name)\r\n        try :\r\n            curlCommand = 'curl --silent -k1 -u {uname}:{pwd} -H \\\"Content-Type:application/json\\\" -X POST ' \\\r\n                  'https://{dev_ip}/wapi/v{wapi_version}/zone_auth?_return_type=json-pretty' \\\r\n                  ' -d \\'{{\\\"fqdn\\\":\\\"{fqdn_name}\\\",\\\"view\\\":\\\"{view}\\\",\\\"zone_format\\\":\\\"IPV4\\\"' \\\r\n                  '}}\\''.format(uname = username,\r\n                                        pwd = password,\r\n                                        dev_ip = device_ip,\r\n                                        wapi_version = wapi_version,\r\n                                        fqdn_name = subnet,view=view)\r\n        except Exception,e:\r\n            return \"Error:: Invalid FQDN or data provided\"\r\n        status, output = commands.getstatusoutput(curlCommand)\r\n        try:\r\n            json_output = json.loads(output)\r\n            return json_output\r\n        except Exception,e:\r\n            return \"Error:: Failed to create reverse zone\"\r\n            \r\n\r\n    @staticmethod\r\n    def create_ptr_record(device_name,fqdn,free_ip,view='default'):\r\n        '''\r\n        Reserve a Free IP in Infoblox\r\n        '''\r\n        username, password = Decrypt.getpassword(device_name)\r\n        device_ip, wapi_version = Infoblox.get_device_ip(device_name)\r\n        try:\r\n            curlCommand = 'curl --silent -k1 -u {uname}:{pwd} -H \\\"Content-Type:application/json\\\" -X POST ' \\\r\n                  'https://{dev_ip}/wapi/v{wapi_version}/record:ptr?_return_type=json-pretty' \\\r\n                  ' -d \\'{{\\\"ptrdname\\\":\\\"{fqdn_name}\\\",\\\"view\\\":\\\"{view}\\\",\\\"ipv4addr\\\":\\\"{ip}\\\"' \\\r\n                  '}}\\''.format(uname = username,\r\n                                        pwd = password,\r\n                                        dev_ip = device_ip,\r\n                                        wapi_version = wapi_version,\r\n                                        fqdn_name = fqdn,\r\n                                        ip = free_ip,view=view)\r\n        except Exception,e:\r\n            return \"Error:: Invalid FQDN or data provided\"\r\n        status, output = commands.getstatusoutput(curlCommand)\r\n        try:\r\n            json_output = json.loads(output)\r\n            return json_output\r\n        except Exception,e:\r\n            return \"Error:: Failed to create ptr record  IP\"\r\n            \r\n            \r\n            \r\n    @staticmethod\r\n    def get_next_available_ip(device_name, subnet):\r\n        '''\r\n        Return a free IP address from the Infoblox device\r\n        '''\r\n        username, password = Decrypt.getpassword(device_name)\r\n        device_ip, wapi_version = Infoblox.get_device_ip(device_name)\r\n        try:\r\n            curl_command = 'curl --silent -k1 -u {uname}:{pwd} -X GET ' \\\r\n               '\\'https://{ip}/wapi/v{wapi_version}/ipv4address?' \\\r\n               'network={subnet}&status=UNUSED\\''.format( uname = username,pwd = password,ip = device_ip,wapi_version = wapi_version,subnet = subnet)\r\n\r\n           \r\n        except IndexError as e:\r\n            return \"Error::Subnet not configured in Infoblox\"\r\n        output = os.popen(curl_command)\r\n        json_output = json.loads(output.read())\r\n\r\n        freeip = [json_data[\"ip_address\"]  for  json_data in json_output if json_data[\"status\"] == 'UNUSED' and json_data[\"types\"] == [] ]\r\n\r\n        \r\n        try:\r\n            return str(freeip[0])\r\n        except KeyError as e:\r\n            return \"Error::No Free IP Available\"\r\n            \r\n\r\n\r\n    @staticmethod\r\n    def get_free_ip_by_exclusion(device_name, subnet, excluded_ip_list):\r\n        '''\r\n        Return a free IP address from the Infoblox device\r\n        '''\r\n        username, password = Decrypt.getpassword(device_name)\r\n        device_ip, wapi_version = Infoblox.get_device_ip(device_name)\r\n        \r\n        # sub_string  = \"{\"exclude\": [\"172.21.10.1\", \"172.21.10.2\", \"172.21.10.3\", \"172.21.10.4\", \"172.21.10.5\", \"172.21.10.6\", \"172.21.10.7\", \"172.21.10.8\", \"172.21.10.9\", \"172.21.10.10\", \"172.21.10.11\", \"172.21.10.12\", \"172.21.10.13\", \"172.21.10.14\", \"172.21.10.15\", \"172.21.10.16\", \"172.21.10.17\", \"172.21.10.18\", \"172.21.10.19\", \"172.21.10.20\", \"172.21.10.250\", \"172.21.10.251\", \"172.21.10.252\", \"172.21.10.253\", \"172.21.10.254\"], \"num\": 1}\"\r\n        try:\r\n            sub_string = 'https://{ip}/wapi/v{wapi_version}/{ref}?'\\\r\n                            '_function=next_available_ip\\&_return_type='\\\r\n                            'json-pretty'.format(\r\n                            ip=device_ip,\r\n                            wapi_version=wapi_version,\r\n                            ref=Infoblox.get_reference(username, password, device_ip, \\\r\n                                                      wapi_version, subnet))\r\n        except IndexError as e:\r\n            return \"Error::Subnet not configured in Infoblox\"\r\n        a = json.dumps(excluded_ip_list)\r\n        string = '{\"exclude\": '+a+', \"num\": 1}'\r\n        curl_command = 'curl -H \"'\"Content-Type: application/json\"'\" --silent -k1 -u '+username+':'+password+' -X POST '\r\n        curl_command += '-d '+\"'\"+string+\"' \"\r\n        curl_command += sub_string\r\n        status, output = commands.getstatusoutput(curl_command)\r\n        json_output = json.loads(output)\r\n        try:\r\n            return str(json_output['ips'][0])\r\n        except KeyError as e:\r\n            return \"Error::No Free IP Available\"", "scriptType": "Python", "name": "Infoblox_generic", "description": ""}