{"id": "SSH_connect", "scriptContent": "from SSHLibrary import client\nimport appviewx\nimport Decrypt\n\n\ndef connect_remote(name):\n    db = appviewx.db_connection()\n    collection = db.appviewx.device\n    dev = collection.find_one({\"vendor\": \"F5\", \"name\": name})\n    print dev['ip']\n    ssh = client.SSHClient(dev[\"ip\"])\n    ssh.login_with_interactive_logic(username=dev['access'][0]['userName'], password=Decrypt.decyrpt(dev['access'][0]['password'],dev['access'][0]['key']))\n    return ssh\n\n\n\ndef close_connection(ssh):\n    try:\n        ssh.close()\n    except Exception:\n        raise KeyError(\"Unable to close the connection\")\n\n\ndef execute_command_in_device(ssh, command):\n    STDIN,STDOUT,STDERR = ssh.execute_command(command)\n    return STDOUT\n\ndef get_file(device,source,destination) :\n    ssh = connect_remote(device)\n    sftp = ssh._create_sftp_client()\n    sftp.get_file(source, destination)\n    ssh.close()\n    \n", "scriptType": "Python", "name": "SSH_connect", "description": ""}