{"id": "connect_remote_device_CSR_Generator", "scriptContent": "import sys\nsys.path.append(AVX::DEPENDENCIES)\nsys.path.append(AVX::HELPER)\nfrom SSHLibrary import client\ndef connect_remote(IP,username,password):\n    try:\n        ssh = client.SSHClient(IP)\n        #ssh.login(username=username, password=password)\n        ssh.login_with_interactive_logic(username=username,password=password)\n        return ssh\n    except Exception, e:\n        print str(e)\n       ", "scriptType": "Python", "name": "connect_remote_device_CSR_Generator", "description": ""}