{"id": "logger_util", "scriptContent": "import logging\nfrom logging.handlers import RotatingFileHandler\n\nfrom config import (\n    LOG_LEVEL,\n    LOG_PATH,\n    LOG_FILE_NAME,\n    LOG_FORMAT,\n    MAX_LOG_SIZE\n)\n\n## If you set the level to any value, all the above levels will only get logged\n## Let's say we set Level to WARNING, only WARNING, ERROR and CRITICAL are logged\n## Level     Numeric value\n## CRITICAL      50\n## ERROR         40\n## WARNING       30\n## INFO          20\n## DEBUG         10\n## NOTSET         0\n#----------------------------------------------------------------------\n\n\ndef get_logger(template_name, file_name=LOG_FILE_NAME):\n    \"\"\"Given a file name, it creates a logger and configures it as per the\n    settings defined in the config, else returns a logger with a default name.\n\n    :param str file_name: Name of the log file\n    :returns: Logger handler\n    \"\"\"\n    class ContextFilter(logging.Filter):\n        \"\"\"\n        This is a filter which injects contextual information into the log.\n        \"\"\"\n        def filter(self, record):\n            record.template = template_name\n            return True\n\n    formatter = logging.Formatter(LOG_FORMAT)\n    logger = logging.getLogger(\"Rotating Log\")\n    logger.setLevel(LOG_LEVEL)\n    path = LOG_PATH + '/' + file_name\n    handler = RotatingFileHandler(path,\n                                  maxBytes=MAX_LOG_SIZE,\n                                  backupCount=5)\n    logger.addFilter(ContextFilter())\n    handler.setFormatter(formatter)\n    logger.addHandler(handler)\n    return logger\n\n#----------------------------------------------------------------------\nif __name__ == \"__main__\":\n    logger = get_logger('Create_VIP')\n    logger.error(\"test\")\n    logger.critical(\"critical\")\n    logger.info(\"info\")\n", "scriptType": "Python", "description": "logger utility", "name": "logger_util"}