{"id": "BarcHelp", "scriptContent": "import sys\nimport json\n\n\n#Import module pymongo\nimport pymongo\nfrom pymongo import MongoClient\n\nimport appviewx\nreload(appviewx)\nconnect_db = appviewx.db_connection()\n\ndef fetchDeviceID(deviceName):\n\tdb = connect_db.appviewx\n\tcollection = db.device\n\tfor value in collection.find({\"name\": deviceName}):\n\t\top=str(value['_id'])\n\treturn op\n\ndef fetchVipNames(deviceName):\n\tdeviceid=fetchDeviceID(deviceName)\n\tdb = connect_db.appviewx\n\tcollection = db.me_adc\n\tVIPnames=[]\n\tfor value in collection.find({'deviceId':deviceid,\"code\":\"vs\",'status':'DISABLED'}):\n\t\tVIPnames.append(value['name'])\n\treturn VIPnames\n\ndef fetchPoolsBasedonVipwithdeviceid(vipName,deviceName):\n\tdb = connect_db.appviewx\n\tcollection = db.me_adc\n\t#collection1=db.lp\n\tdeviceid=fetchDeviceID(deviceName)\n\tPools=[]\n\tfor value in collection.find({'name':vipName,\"code\":\"vs\",\"deviceId\":deviceid}):\n\t\ttemp=value['pool'].split(',')\n\t\tPools=Pools+temp\n\treturn Pools\n\ndef fetchPoolMembersOfVip(vipName):\n\tdb = connect_db.appviewx\n\tcollection = db.me_adc\n\tcollection1 = db.me_adc\n\tpool=fetchPoolsBasedonVip(vipName)\n\tpool_mems=[]\n\tpool_mems_list_of_dict=[]\n\tfor value in collection.find({'name':pool[0],\"code\":\"lp\"}):\n\t\tpool_mems=value['lpm']\n\tfor i in range(len(pool_mems)):\n\t\tfor value in collection1.find({'_id':pool_mems[i],\"code\":\"lpm\"}):\n\t\t\tmember_dict={'pm_ip_addr':value['ip'],'pm_port':value['port'],'ratio':value['ratio'],'status_id':value['state'],'priority':value['priority']}\n\t\t\tpool_mems_list_of_dict.append(member_dict)\n\treturn pool_mems_list_of_dict\n\ndef fetchRulesBasedonVip(vipName):\n\tdb = connect_db.appviewx\n\tcollection = db.me_adc\n\tRules=[]\n\tfor value in collection.find({'name':vipName,\"code\":\"vs\"}):\n\t\ttemp=value['rules']\n\t\tRules=Rules+temp\n\treturn Rules\n\ndef fetchProfiles(deviceName,vipName):\n\tdb = connect_db.appviewx\n\tcollection = db.device\n\tdeviceid=fetchDeviceID(deviceName)\n\tcollection = db.me_adc\n\tprofList=[]\n\tfor value in collection.find({'deviceId':deviceid,'name':vipName,\"code\":\"lpr\"}):\n\t\tprofList.append(value['name'])\n\treturn profList\n\ndef fetchMonitorsBasedonPool(poolName):\n\tdb = connect_db.appviewx\n\tcollection=db.me_adc\n\tMonitors=[]\n\tfor value in collection.find({'name':poolName,\"code\":\"lp\"}):\n\t\ttemp=value['monitorAll']\n\t\tMonitors=Monitors+temp\n\treturn Monitors\n", "scriptType": "Python", "name": "BarcHelp", "description": ""}